trade_date,index,ts_code,open,high,low,close,pre_close,change,pct_chg,vol,amount
20180508,514,603259.SH,25.92,31.1,25.92,31.1,21.6,9.5,43.98,297.39,919.703
20180509,513,603259.SH,34.21,34.21,34.21,34.21,31.1,3.11,10.0,206.61,706.813
20180510,512,603259.SH,37.63,37.63,37.63,37.63,34.21,3.42,10.0,85.0,319.855
20180511,511,603259.SH,41.39,41.39,41.39,41.39,37.63,3.76,9.99,551.95,2284.521
20180514,510,603259.SH,45.53,45.53,45.53,45.53,41.39,4.14,10.0,737.13,3356.153
20180515,509,603259.SH,50.08,50.08,50.08,50.08,45.53,4.55,9.99,897.25,4493.428
20180516,508,603259.SH,55.09,55.09,55.09,55.09,50.08,5.01,10.0,988.71,5446.803
20180517,507,603259.SH,60.6,60.6,60.6,60.6,55.09,5.51,10.0,1965.87,11913.172
20180518,506,603259.SH,66.66,66.66,66.66,66.66,60.6,6.06,10.0,3116.15,20772.256
20180521,505,603259.SH,73.33,73.33,73.33,73.33,66.66,6.67,10.01,1762.18,12922.066
20180522,504,603259.SH,80.66,80.66,80.66,80.66,73.33,7.33,10.0,2590.98,20898.845
20180523,503,603259.SH,88.73,88.73,88.73,88.73,80.66,8.07,10.01,2688.67,23856.569
20180524,502,603259.SH,97.6,97.6,97.6,97.6,88.73,8.87,10.0,5901.52,57598.835
20180525,501,603259.SH,107.36,107.36,107.36,107.36,97.6,9.76,10.0,25358.36,272247.353
20180528,500,603259.SH,118.1,118.1,118.1,118.1,107.36,10.74,10.0,21135.19,249606.594
20180529,499,603259.SH,129.91,129.91,129.91,129.91,118.1,11.81,10.0,41961.01,545115.481
20180530,498,603259.SH,135.09,135.57,119.3,120.37,129.91,-9.54,-7.34,725235.91,9293127.28
20180531,497,603259.SH,124.2,132.34,116.03,129.7,120.37,9.33,7.75,427385.09,5303637.39
20180601,496,603259.SH,126.11,134.87,124.5,132.87,129.7,3.17,2.44,326306.86,4243384.086
20180604,495,603259.SH,136.39,138.87,119.58,120.9,132.87,-11.97,-9.01,362272.2,4643439.731
20180605,494,603259.SH,118.0,121.72,113.99,119.78,120.9,-1.12,-0.93,267636.23,3165880.761
20180606,493,603259.SH,118.1,124.44,117.06,124.06,119.78,4.28,3.57,259137.17,3147510.073
20180607,492,603259.SH,123.0,123.6,118.85,119.03,124.06,-5.03,-4.05,186329.2,2250260.409
20180608,491,603259.SH,117.08,121.44,116.01,118.46,119.03,-0.57,-0.48,178945.69,2136303.406
20180611,490,603259.SH,115.76,116.64,107.0,108.12,118.46,-10.34,-8.73,250197.13,2789216.634
20180612,489,603259.SH,109.61,111.3,106.13,109.8,108.12,1.68,1.55,173995.63,1896960.007
20180613,488,603259.SH,108.5,111.8,106.71,107.98,109.8,-1.82,-1.66,168103.46,1838222.691
20180614,487,603259.SH,105.0,108.62,99.28,100.26,107.98,-7.72,-7.15,241912.41,2498877.599
20180615,486,603259.SH,100.66,102.44,99.06,100.53,100.26,0.27,0.27,154043.65,1554157.401
20180619,485,603259.SH,97.75,102.36,95.58,98.94,100.53,-1.59,-1.58,178357.74,1760329.511
20180620,484,603259.SH,99.8,102.18,96.16,100.99,98.94,2.05,2.07,173886.69,1737706.37
20180621,483,603259.SH,100.8,101.5,90.89,91.39,100.99,-9.6,-9.51,224052.4,2149118.418
20180622,482,603259.SH,88.65,92.15,87.36,89.9,91.39,-1.49,-1.63,157085.05,1417519.99
20180625,481,603259.SH,90.1,95.39,89.6,93.02,89.9,3.12,3.47,174288.41,1619033.686
20180626,480,603259.SH,91.28,95.99,90.5,95.7,93.02,2.68,2.88,147897.49,1395317.695
20180627,479,603259.SH,95.0,95.76,92.58,93.27,95.7,-2.43,-2.54,102352.4,961720.73
20180628,478,603259.SH,92.99,94.68,86.11,86.32,93.27,-6.95,-7.45,120071.47,1087189.588
20180629,477,603259.SH,86.68,94.95,86.32,94.95,86.32,8.63,10.0,129484.68,1178540.832
20180702,476,603259.SH,94.9,100.39,94.0,96.42,94.95,1.47,1.55,166472.96,1616430.295
20180703,475,603259.SH,97.28,99.41,91.69,96.16,96.42,-0.26,-0.27,132998.03,1271789.985
20180704,474,603259.SH,94.99,95.0,89.09,89.96,96.16,-6.2,-6.45,117856.06,1074213.029
20180705,473,603259.SH,89.0,92.28,88.0,89.94,89.96,-0.02,-0.02,98545.48,890483.761
20180706,472,603259.SH,89.82,98.93,89.81,95.89,89.94,5.95,6.62,198307.23,1889832.325
20180709,471,603259.SH,97.05,99.22,94.5,98.68,95.89,2.79,2.91,145615.75,1416334.581
20180710,470,603259.SH,99.71,101.5,96.69,98.27,98.68,-0.41,-0.42,109546.45,1077582.802
20180711,469,603259.SH,95.0,98.25,94.11,97.5,98.27,-0.77,-0.78,111070.86,1067387.409
20180712,468,603259.SH,97.5,104.57,96.65,102.67,97.5,5.17,5.3,176253.62,1773773.062
20180713,467,603259.SH,101.0,105.4,99.58,101.81,102.67,-0.86,-0.84,149165.02,1528387.322
20180716,466,603259.SH,100.81,102.5,97.8,99.0,101.81,-2.81,-2.76,97483.46,970845.693
20180717,465,603259.SH,98.82,99.88,97.0,98.94,99.0,-0.06,-0.06,64531.82,633366.871
20180718,464,603259.SH,98.95,99.75,94.3,94.46,98.94,-4.48,-4.53,105921.4,1023818.843
20180719,463,603259.SH,93.99,94.0,89.25,90.21,94.46,-4.25,-4.5,112504.82,1024515.939
20180720,462,603259.SH,89.51,93.8,89.31,92.22,90.21,2.01,2.2281,83025.2,761236.201
20180723,461,603259.SH,86.0,88.98,84.44,88.12,92.22,-4.1,-4.4459,141942.63,1233492.566
20180724,460,603259.SH,87.6,90.68,87.11,89.46,88.12,1.34,1.5207,89972.47,801576.398
20180725,459,603259.SH,89.75,91.75,88.8,88.99,89.46,-0.47,-0.5254,74983.98,675461.477
20180726,458,603259.SH,89.01,89.3,85.52,86.32,88.99,-2.67,-3.0003,71234.61,618575.469
20180727,457,603259.SH,86.4,87.61,85.4,86.55,86.32,0.23,0.2665,43719.66,379047.541
20180730,456,603259.SH,86.58,86.99,80.11,82.4,86.55,-4.15,-4.7949,82178.59,682825.774
20180731,455,603259.SH,82.0,83.5,80.17,81.17,82.4,-1.23,-1.4927,55861.87,458274.655
20180801,454,603259.SH,80.62,81.41,77.53,77.76,81.17,-3.41,-4.2011,83175.66,658814.573
20180802,453,603259.SH,77.1,79.45,75.8,78.19,77.76,0.43,0.553,82541.74,640806.28
20180803,452,603259.SH,77.7,78.44,75.25,75.34,78.19,-2.85,-3.645,53656.18,411694.892
20180806,451,603259.SH,74.5,75.05,71.23,71.58,75.34,-3.76,-4.9907,75521.97,552217.387
20180807,450,603259.SH,72.45,76.94,71.61,76.59,71.58,5.01,6.9992,98370.0,728139.054
20180808,449,603259.SH,75.9,76.25,72.61,72.95,76.59,-3.64,-4.7526,64920.61,482440.43
20180809,448,603259.SH,72.75,80.25,72.05,79.69,72.95,6.74,9.2392,130705.23,1020282.513
20180810,447,603259.SH,79.0,81.49,78.2,80.02,79.69,0.33,0.4141,85491.31,682639.863
20180813,446,603259.SH,78.18,80.97,78.1,80.36,80.02,0.34,0.4249,53689.88,427345.838
20180814,445,603259.SH,80.2,81.48,79.0,79.24,80.36,-1.12,-1.3937,40547.35,324098.805
20180815,444,603259.SH,79.3,79.88,75.1,75.54,79.24,-3.7,-4.6694,59807.2,458687.783
20180816,443,603259.SH,73.99,76.7,73.11,75.38,75.54,-0.16,-0.2118,39766.56,299669.064
20180817,442,603259.SH,76.37,76.58,71.65,71.91,75.38,-3.47,-4.6033,71310.98,522761.056
20180820,441,603259.SH,71.92,73.21,70.39,72.98,71.91,1.07,1.488,47439.14,341871.277
20180821,440,603259.SH,72.5,79.87,72.45,79.3,72.98,6.32,8.6599,108664.19,836379.811
20180822,439,603259.SH,82.27,84.1,80.99,82.25,79.3,2.95,3.7201,138551.17,1144352.638
20180823,438,603259.SH,82.0,89.62,81.35,88.0,82.25,5.75,6.9909,135272.49,1147997.757
20180824,437,603259.SH,86.7,88.87,85.27,85.88,88.0,-2.12,-2.4091,86585.16,752094.611
20180827,436,603259.SH,86.68,91.6,86.02,88.9,85.88,3.02,3.5165,113475.02,1012934.498
20180828,435,603259.SH,88.01,90.11,87.42,88.34,88.9,-0.56,-0.6299,65920.64,583310.955
20180829,434,603259.SH,87.91,91.0,87.0,89.85,88.34,1.51,1.7093,71817.69,639561.749
20180830,433,603259.SH,89.35,89.97,85.98,87.5,89.85,-2.35,-2.6155,65658.53,576743.871
20180831,432,603259.SH,86.58,86.97,84.45,84.5,87.5,-3.0,-3.4286,54539.5,467327.629
20180903,431,603259.SH,83.72,87.38,83.7,87.09,84.5,2.59,3.0651,58820.95,504925.004
20180904,430,603259.SH,86.9,88.56,85.5,87.9,87.09,0.81,0.9301,65197.74,569657.974
20180905,429,603259.SH,86.95,87.47,85.01,85.45,87.9,-2.45,-2.7873,50327.16,433729.827
20180906,428,603259.SH,84.91,89.28,84.9,87.1,85.45,1.65,1.931,69020.97,604105.369
20180907,427,603259.SH,86.92,90.6,86.5,88.0,87.1,0.9,1.0333,85738.23,761404.322
20180910,426,603259.SH,87.9,89.42,86.06,87.45,88.0,-0.55,-0.625,54655.8,479899.536
20180911,425,603259.SH,87.4,90.5,85.92,90.44,87.45,2.99,3.4191,82919.02,735725.232
20180912,424,603259.SH,90.1,93.47,87.03,87.49,90.44,-2.95,-3.2618,104179.57,937545.356
20180913,423,603259.SH,88.55,88.9,80.5,85.38,87.49,-2.11,-2.4117,108928.1,923276.155
20180914,422,603259.SH,84.5,84.65,82.18,82.82,85.38,-2.56,-2.9984,47784.06,399145.413
20180917,421,603259.SH,81.8,83.88,80.81,82.5,82.82,-0.32,-0.3864,33506.45,277021.842
20180918,420,603259.SH,81.8,86.25,81.7,85.75,82.5,3.25,3.9394,54623.16,461125.165
20180919,419,603259.SH,85.38,88.5,84.3,87.45,85.75,1.7,1.9825,72206.87,625407.797
20180920,418,603259.SH,87.17,88.88,87.0,87.48,87.45,0.03,0.0343,40205.23,352486.675
20180921,417,603259.SH,87.51,90.89,87.51,90.0,87.48,2.52,2.8807,71946.52,644621.66
20180925,416,603259.SH,88.5,89.28,87.65,88.5,90.0,-1.5,-1.6667,45285.31,400293.832
20180926,415,603259.SH,88.7,90.88,87.65,89.3,88.5,0.8,0.904,68798.66,613153.682
20180927,414,603259.SH,89.18,92.95,88.11,89.63,89.3,0.33,0.3695,68057.06,618253.356
20180928,413,603259.SH,89.34,92.68,89.34,92.55,89.63,2.92,3.2578,63172.94,578003.164
20181008,412,603259.SH,90.58,90.8,85.88,86.46,92.55,-6.09,-6.5802,70812.45,623928.167
20181009,411,603259.SH,86.83,88.47,85.17,85.75,86.46,-0.71,-0.8212,39081.37,339742.319
20181010,410,603259.SH,85.5,86.88,82.6,84.15,85.75,-1.6,-1.8659,47008.76,397162.149
20181011,409,603259.SH,80.5,80.86,75.75,76.18,84.15,-7.97,-9.4712,93073.62,723831.29
20181012,408,603259.SH,74.3,79.18,74.06,78.13,76.18,1.95,2.5597,54176.92,417342.448
20181015,407,603259.SH,78.56,82.22,78.56,79.87,78.13,1.74,2.2271,51735.27,416392.114
20181016,406,603259.SH,79.8,80.88,76.98,78.66,79.87,-1.21,-1.515,37731.72,297757.118
20181017,405,603259.SH,80.49,81.2,78.41,79.75,78.66,1.09,1.3857,38674.48,309303.465
20181018,404,603259.SH,79.1,79.1,74.51,76.3,79.75,-3.45,-4.326,41176.51,314571.556
20181019,403,603259.SH,74.0,81.89,74.0,80.8,76.3,4.5,5.8978,63039.43,496440.71
20181022,402,603259.SH,83.0,87.5,82.29,87.25,80.8,6.45,7.9827,80803.31,690763.365
20181023,401,603259.SH,86.32,89.15,85.98,86.89,87.25,-0.36,-0.4126,74207.68,650101.61
20181024,400,603259.SH,87.0,89.83,85.2,86.0,86.89,-0.89,-1.0243,55012.26,482713.105
20181025,399,603259.SH,82.74,87.57,82.37,87.32,86.0,1.32,1.5349,47316.64,401266.798
20181026,398,603259.SH,86.95,87.77,80.45,82.66,87.32,-4.66,-5.3367,68313.54,571172.78
20181029,397,603259.SH,81.1,81.88,78.5,79.2,82.66,-3.46,-4.1858,42608.73,339489.433
20181030,396,603259.SH,78.53,83.99,78.05,83.4,79.2,4.2,5.303,46364.27,378505.077
20181031,395,603259.SH,84.5,88.8,84.5,87.15,83.4,3.75,4.4964,70860.7,616253.609
20181101,394,603259.SH,87.65,88.58,86.11,86.52,87.15,-0.63,-0.7229,54613.38,476881.271
20181102,393,603259.SH,88.4,90.4,87.22,88.55,86.52,2.03,2.3463,74140.36,656789.879
20181105,392,603259.SH,89.3,89.4,86.3,87.88,88.55,-0.67,-0.7566,48974.35,431103.894
20181106,391,603259.SH,89.0,93.33,86.46,93.09,87.88,5.21,5.9285,74011.64,663302.133
20181107,390,603259.SH,91.9,92.4,87.68,87.88,93.09,-5.21,-5.5967,81814.95,734131.753
20181108,389,603259.SH,88.96,89.84,86.8,87.35,87.88,-0.53,-0.6031,43901.36,387765.405
20181109,388,603259.SH,85.65,88.02,85.11,86.61,87.35,-0.74,-0.8472,35384.37,306987.302
20181112,387,603259.SH,86.61,89.47,86.2,89.03,86.61,2.42,2.7941,42093.39,370012.587
20181113,386,603259.SH,87.89,89.5,86.83,88.19,89.03,-0.84,-0.9435,46102.78,405033.169
20181114,385,603259.SH,88.18,88.2,86.8,87.08,88.19,-1.11,-1.2586,42325.18,369473.961
20181115,384,603259.SH,86.16,87.68,86.16,87.35,87.08,0.27,0.3101,37978.37,330676.138
20181116,383,603259.SH,87.51,88.78,86.4,86.94,87.35,-0.41,-0.4694,59972.91,524530.217
20181119,382,603259.SH,86.0,86.43,80.8,82.02,86.94,-4.92,-5.6591,96691.07,806813.641
20181120,381,603259.SH,81.16,82.79,80.41,80.71,82.02,-1.31,-1.5972,44464.48,361970.44
20181121,380,603259.SH,79.98,83.29,79.68,82.7,80.71,1.99,2.4656,49416.48,404908.134
20181122,379,603259.SH,82.72,83.27,81.05,81.41,82.7,-1.29,-1.5599,33850.92,276492.546
20181123,378,603259.SH,81.6,81.6,78.96,79.0,81.41,-2.41,-2.9603,39638.72,315958.682
20181126,377,603259.SH,79.1,80.37,78.96,79.33,79.0,0.33,0.4177,21831.7,173851.379
20181127,376,603259.SH,79.78,80.35,76.83,78.36,79.33,-0.97,-1.2227,33816.97,264865.237
20181128,375,603259.SH,78.5,80.42,78.13,80.23,78.36,1.87,2.3864,32366.6,257725.527
20181129,374,603259.SH,80.59,81.83,79.75,79.75,80.23,-0.48,-0.5983,37196.65,300678.58
20181130,373,603259.SH,79.44,80.09,78.81,79.75,79.75,0.0,0.0,23486.17,186496.397
20181203,372,603259.SH,82.0,84.48,81.8,84.2,79.75,4.45,5.5799,66612.86,554576.029
20181204,371,603259.SH,84.0,85.85,83.6,85.69,84.2,1.49,1.7696,58644.08,498749.281
20181205,370,603259.SH,84.79,85.86,83.8,85.3,85.69,-0.39,-0.4551,43198.01,367223.45
20181206,369,603259.SH,84.5,84.5,79.5,79.99,85.3,-5.31,-6.2251,84501.27,691553.869
20181207,368,603259.SH,80.0,80.69,78.83,80.1,79.99,0.11,0.1375,36923.15,294034.863
20181210,367,603259.SH,78.9,80.88,78.63,79.33,80.1,-0.77,-0.9613,28019.16,223472.87
20181211,366,603259.SH,79.69,80.86,79.64,80.39,79.33,1.06,1.3362,26054.51,209686.55
20181212,365,603259.SH,80.89,81.2,79.95,80.65,80.39,0.26,0.3234,20580.24,165704.38
20181213,364,603259.SH,80.59,81.27,78.88,80.53,80.65,-0.12,-0.1488,37227.66,299123.119
20181214,363,603259.SH,80.4,80.48,78.5,78.63,80.53,-1.9,-2.3594,43225.3,344240.272
20181217,362,603259.SH,78.66,79.41,77.62,78.38,78.63,-0.25,-0.3179,27917.69,218506.848
20181218,361,603259.SH,77.97,79.3,77.88,79.04,78.38,0.66,0.8421,17197.77,135096.903
20181219,360,603259.SH,79.18,79.4,76.6,77.13,79.04,-1.91,-2.4165,23602.98,183672.928
20181220,359,603259.SH,77.24,77.48,75.71,76.64,77.13,-0.49,-0.6353,23527.93,179780.869
20181221,358,603259.SH,76.34,76.55,74.0,75.7,76.64,-0.94,-1.2265,31317.09,234527.696
20181224,357,603259.SH,75.28,77.0,74.6,76.3,75.7,0.6,0.7926,17718.08,135011.138
20181225,356,603259.SH,75.49,76.64,74.0,76.31,76.3,0.01,0.0131,26632.83,200149.857
20181226,355,603259.SH,76.01,76.64,74.98,75.68,76.31,-0.63,-0.8256,14328.1,108556.29
20181227,354,603259.SH,76.7,77.2,74.75,74.8,75.68,-0.88,-1.1628,20249.09,153537.311
20181228,353,603259.SH,74.69,75.39,74.27,74.86,74.8,0.06,0.0802,14752.73,110264.157
20190102,352,603259.SH,75.28,75.28,71.55,71.94,74.86,-2.92,-3.9006,29959.2,217641.273
20190103,351,603259.SH,72.0,72.56,71.06,71.62,71.94,-0.32,-0.4448,18277.52,131323.627
20190104,350,603259.SH,70.8,73.15,70.48,72.59,71.62,0.97,1.3544,27892.82,200818.285
20190107,349,603259.SH,73.0,73.02,71.38,72.21,72.59,-0.38,-0.5235,27785.17,200207.241
20190108,348,603259.SH,72.21,72.21,71.02,71.54,72.21,-0.67,-0.9278,21728.78,155134.848
20190109,347,603259.SH,71.53,73.3,71.53,72.15,71.54,0.61,0.8527,28443.73,206463.856
20190110,346,603259.SH,72.1,73.0,71.82,72.34,72.15,0.19,0.2633,18296.37,132361.166
20190111,345,603259.SH,72.2,72.45,71.3,72.38,72.34,0.04,0.0553,19990.17,143560.53
20190114,344,603259.SH,72.5,72.5,71.55,71.55,72.38,-0.83,-1.1467,14138.76,101654.505
20190115,343,603259.SH,71.55,72.68,71.3,72.39,71.55,0.84,1.174,25016.12,179830.356
20190116,342,603259.SH,72.39,72.97,71.83,72.54,72.39,0.15,0.2072,22498.12,163169.65
20190117,341,603259.SH,73.0,74.58,72.8,73.39,72.54,0.85,1.1718,39619.2,292643.464
20190118,340,603259.SH,73.4,75.3,73.4,75.1,73.39,1.71,2.33,41915.91,312219.264
20190121,339,603259.SH,75.21,78.09,75.15,77.83,75.1,2.73,3.6352,58381.48,451116.611
20190122,338,603259.SH,77.98,77.98,75.56,76.09,77.83,-1.74,-2.2356,38762.99,296861.263
20190123,337,603259.SH,75.58,76.37,75.3,75.69,76.09,-0.4,-0.5257,18635.01,141133.207
20190124,336,603259.SH,75.72,77.17,75.37,76.66,75.69,0.97,1.2815,27045.33,206330.266
20190125,335,603259.SH,76.66,77.62,76.21,76.38,76.66,-0.28,-0.3652,22952.06,176840.23
20190128,334,603259.SH,76.38,76.88,73.73,74.47,76.38,-1.91,-2.5007,31289.54,235371.278
20190129,333,603259.SH,74.17,74.97,72.88,74.52,74.47,0.05,0.0671,25868.28,191097.918
20190130,332,603259.SH,74.5,77.1,74.43,76.36,74.52,1.84,2.4691,39807.1,302745.658
20190131,331,603259.SH,76.7,76.8,73.86,75.53,76.36,-0.83,-1.087,38040.91,286437.942
20190201,330,603259.SH,76.51,77.49,76.0,77.2,75.53,1.67,2.211,35418.85,272747.794
20190211,329,603259.SH,77.1,79.79,76.1,79.04,77.2,1.84,2.3834,35272.01,277427.569
20190212,328,603259.SH,79.1,81.41,79.04,80.51,79.04,1.47,1.8598,51100.43,411589.762
20190213,327,603259.SH,80.17,81.36,79.61,80.96,80.51,0.45,0.5589,48692.91,392770.324
20190214,326,603259.SH,80.9,84.1,80.09,83.41,80.96,2.45,3.0262,63704.97,527497.633
20190215,325,603259.SH,82.88,83.35,81.76,81.91,83.41,-1.5,-1.7983,34092.79,280738.081
20190218,324,603259.SH,82.3,85.25,82.3,85.18,81.91,3.27,3.9922,55058.16,463635.128
20190219,323,603259.SH,85.19,87.86,83.82,84.7,85.18,-0.48,-0.5635,64768.32,556036.43
20190220,322,603259.SH,84.72,85.5,83.36,84.0,84.7,-0.7,-0.8264,43671.14,368166.866
20190221,321,603259.SH,83.26,84.54,82.01,82.31,84.0,-1.69,-2.0119,45284.09,377770.393
20190222,320,603259.SH,82.0,85.34,81.92,85.28,82.31,2.97,3.6083,46020.24,388161.565
20190225,319,603259.SH,85.11,88.88,84.6,88.73,85.28,3.45,4.0455,79961.77,695105.623
20190226,318,603259.SH,88.71,91.3,87.0,87.58,88.73,-1.15,-1.2961,65210.75,580207.647
20190227,317,603259.SH,87.38,88.43,86.31,86.79,87.58,-0.79,-0.902,38037.62,332200.371
20190228,316,603259.SH,87.71,90.8,87.71,89.88,86.79,3.09,3.5603,72975.2,655263.939
20190301,315,603259.SH,90.3,91.0,88.32,89.89,89.88,0.01,0.0111,35172.26,314808.6
20190304,314,603259.SH,89.95,98.88,89.95,96.66,89.89,6.77,7.5314,113542.66,1084659.164
20190305,313,603259.SH,94.98,99.98,94.68,99.34,96.66,2.68,2.7726,75853.44,743738.427
20190306,312,603259.SH,99.19,101.6,96.88,98.28,99.34,-1.06,-1.067,55103.01,542853.45
20190307,311,603259.SH,98.0,98.0,93.41,95.38,98.28,-2.9,-2.9508,71743.61,684293.44
20190308,310,603259.SH,92.7,96.5,91.88,93.56,95.38,-1.82,-1.9082,51312.26,481843.039
20190311,309,603259.SH,97.5,97.55,94.55,96.35,93.56,2.79,2.982,42495.6,407451.833
20190312,308,603259.SH,96.34,97.69,94.46,95.74,96.35,-0.61,-0.6331,56692.17,544969.811
20190313,307,603259.SH,95.99,97.1,93.71,94.5,95.74,-1.24,-1.2952,40285.67,385374.801
20190314,306,603259.SH,93.6,94.0,90.7,92.34,94.5,-2.16,-2.2857,46708.39,429899.372
20190315,305,603259.SH,92.35,95.99,92.25,93.65,92.34,1.31,1.4187,44025.04,415803.01
20190318,304,603259.SH,94.55,97.18,94.23,96.96,93.65,3.31,3.5344,47485.84,457412.518
20190319,303,603259.SH,97.25,98.82,95.9,97.48,96.96,0.52,0.5363,38876.35,376719.037
20190320,302,603259.SH,96.51,96.51,93.18,94.21,97.48,-3.27,-3.3545,52467.08,496143.91
20190321,301,603259.SH,94.59,94.98,93.37,94.34,94.21,0.13,0.138,33739.82,317125.225
20190322,300,603259.SH,94.3,96.87,93.89,96.87,94.34,2.53,2.6818,52923.5,506754.552
20190325,299,603259.SH,97.39,98.62,93.6,93.65,96.87,-3.22,-3.324,71927.19,690664.937
20190326,298,603259.SH,93.65,94.37,87.81,89.45,93.65,-4.2,-4.4848,68369.4,622490.041
20190327,297,603259.SH,89.99,91.59,89.99,90.35,89.45,0.9,1.0061,40503.82,367308.333
20190328,296,603259.SH,90.0,91.69,88.7,90.4,90.35,0.05,0.0553,30507.67,276326.344
20190329,295,603259.SH,91.0,93.9,90.4,93.82,90.4,3.42,3.7832,53602.86,495566.668
20190401,294,603259.SH,94.58,95.5,93.45,95.06,93.82,1.24,1.3217,67812.82,640476.253
20190402,293,603259.SH,95.18,96.96,93.6,94.01,95.06,-1.05,-1.1046,56895.86,540593.027
20190403,292,603259.SH,93.57,94.9,93.0,94.22,94.01,0.21,0.2234,32829.01,308730.711
20190404,291,603259.SH,94.24,94.8,92.0,93.12,94.22,-1.1,-1.1675,50152.3,465987.214
20190408,290,603259.SH,93.88,93.88,91.39,92.28,93.12,-0.84,-0.9021,40944.54,378419.397
20190409,289,603259.SH,92.3,94.35,92.07,94.08,92.28,1.8,1.9506,42824.36,400415.695
20190410,288,603259.SH,94.51,98.26,94.4,97.6,94.08,3.52,3.7415,87686.52,846682.677
20190411,287,603259.SH,97.62,98.2,94.53,94.88,97.6,-2.72,-2.7869,44138.13,421422.553
20190412,286,603259.SH,94.66,97.0,94.32,96.25,94.88,1.37,1.4439,37393.99,359301.16
20190415,285,603259.SH,97.89,97.89,93.01,93.01,96.25,-3.24,-3.3662,45599.8,432591.617
20190416,284,603259.SH,92.85,94.13,91.63,93.9,93.01,0.89,0.9569,34577.67,321655.387
20190417,283,603259.SH,94.29,94.87,93.39,93.94,93.9,0.04,0.0426,23345.63,219482.745
20190418,282,603259.SH,93.0,93.8,92.5,92.95,93.94,-0.99,-1.0539,18979.59,176194.285
20190419,281,603259.SH,93.42,94.05,92.6,92.95,92.95,0.0,0.0,21099.68,196747.657
20190422,280,603259.SH,93.17,93.28,91.5,91.8,92.95,-1.15,-1.2372,23095.29,212480.373
20190423,279,603259.SH,91.02,91.85,88.96,89.25,91.8,-2.55,-2.7778,48678.26,437243.22
20190424,278,603259.SH,89.25,89.57,87.03,88.9,89.25,-0.35,-0.3922,48326.14,425161.783
20190425,277,603259.SH,88.91,90.38,87.86,88.1,88.9,-0.8,-0.8999,29876.91,266154.733
20190426,276,603259.SH,88.05,89.56,87.51,88.29,88.1,0.19,0.2157,28711.69,254447.123
20190429,275,603259.SH,88.2,90.05,88.08,89.99,88.29,1.7,1.9255,33178.31,295913.023
20190430,274,603259.SH,88.8,88.8,87.25,88.52,89.99,-1.47,-1.6335,35027.78,308629.168
20190506,273,603259.SH,79.68,84.5,79.68,80.84,88.52,-7.68,-8.676,72058.78,589437.432
20190507,272,603259.SH,81.0,81.9,80.0,80.85,80.84,0.01,0.0124,33765.69,273093.939
20190508,271,603259.SH,79.95,81.2,79.5,80.0,80.85,-0.85,-1.0513,30518.02,244581.227
20190509,270,603259.SH,79.69,79.69,74.23,74.76,80.0,-5.24,-6.55,84219.13,643175.497
20190510,269,603259.SH,76.0,78.5,75.2,78.28,74.76,3.52,4.7084,60968.59,471582.824
20190513,268,603259.SH,78.07,80.8,77.17,79.8,78.28,1.52,1.9417,43362.13,343110.582
20190514,267,603259.SH,79.02,82.1,79.02,80.57,79.8,0.77,0.9649,41456.97,336480.408
20190515,266,603259.SH,80.98,82.0,80.06,81.51,80.57,0.94,1.1667,31065.07,251670.14
20190516,265,603259.SH,81.39,81.8,80.36,81.47,81.51,-0.04,-0.0491,22230.85,180214.284
20190517,264,603259.SH,81.32,82.45,80.0,80.46,81.47,-1.01,-1.2397,32392.14,264382.469
20190520,263,603259.SH,80.23,80.99,77.81,78.49,80.46,-1.97,-2.4484,25353.18,199622.774
20190521,262,603259.SH,79.0,81.76,78.54,81.12,78.49,2.63,3.3507,33942.11,274093.887
20190522,261,603259.SH,81.37,82.56,80.87,81.97,81.12,0.85,1.0478,37348.75,305721.905
20190523,260,603259.SH,81.88,81.88,78.98,79.09,81.97,-2.88,-3.5135,27539.45,219600.269
20190524,259,603259.SH,79.05,80.6,79.0,79.71,79.09,0.62,0.7839,19149.44,152686.059
20190527,258,603259.SH,79.72,80.8,78.5,80.39,79.71,0.68,0.8531,26322.79,209708.159
20190528,257,603259.SH,79.99,80.4,78.47,79.0,80.39,-1.39,-1.7291,30258.63,240671.501
20190529,256,603259.SH,78.85,80.32,78.7,79.72,79.0,0.72,0.9114,26130.56,207797.234
20190530,255,603259.SH,79.35,79.98,78.51,79.0,79.72,-0.72,-0.9032,20208.32,159780.653
20190531,254,603259.SH,79.0,80.07,78.86,79.2,79.0,0.2,0.2532,23986.01,190150.071
20190603,253,603259.SH,79.0,79.68,77.67,78.31,79.2,-0.89,-1.1237,24682.73,193641.732
20190604,252,603259.SH,78.5,79.12,77.49,77.52,78.31,-0.79,-1.0088,20823.07,162423.931
20190605,251,603259.SH,78.3,78.5,76.92,77.19,77.52,-0.33,-0.4257,23936.76,185093.886
20190606,250,603259.SH,77.0,77.9,76.63,77.17,77.19,-0.02,-0.0259,20330.82,157249.234
20190610,249,603259.SH,77.65,78.95,76.77,78.85,77.17,1.68,2.177,25972.16,203574.87
20190611,248,603259.SH,78.8,81.5,78.44,81.02,78.85,2.17,2.7521,39204.71,314911.261
20190612,247,603259.SH,80.84,81.68,80.33,80.78,81.02,-0.24,-0.2962,25083.53,202556.697
20190613,246,603259.SH,80.8,81.87,80.31,80.9,80.78,0.12,0.1486,29618.62,240285.449
20190614,245,603259.SH,80.8,83.69,80.78,82.2,80.9,1.3,1.6069,57015.15,472078.891
20190617,244,603259.SH,82.36,86.68,82.36,85.0,82.2,2.8,3.4063,66490.35,565055.424
20190618,243,603259.SH,84.8,85.3,84.35,85.05,85.0,0.05,0.0588,45815.75,389195.523
20190619,242,603259.SH,86.68,87.43,85.2,85.72,85.05,0.67,0.7878,62304.65,535621.395
20190620,241,603259.SH,85.64,86.33,85.03,86.33,85.72,0.61,0.7116,70062.08,601114.9
20190621,240,603259.SH,86.78,86.86,83.8,85.06,86.33,-1.27,-1.4711,70356.68,598019.961
20190624,239,603259.SH,84.3,85.3,84.01,85.1,85.06,0.04,0.047,48803.41,414572.565
20190625,238,603259.SH,85.4,85.69,82.68,83.66,85.1,-1.44,-1.6921,42412.93,355146.809
20190626,237,603259.SH,84.62,87.36,82.82,86.89,83.66,3.23,3.8609,89300.57,766536.998
20190627,236,603259.SH,87.5,87.66,86.01,87.01,86.89,0.12,0.1381,66179.17,574649.686
20190628,235,603259.SH,86.89,87.0,85.71,86.68,87.01,-0.33,-0.3793,47352.21,408681.437
20190701,234,603259.SH,87.99,92.66,87.12,91.1,86.68,4.42,5.0992,98689.24,886777.436
20190702,233,603259.SH,64.6,69.4,64.6,67.97,64.66,3.31,5.1191,105842.74,713185.433
20190703,232,603259.SH,67.73,67.73,66.4,66.75,67.97,-1.22,-1.7949,89166.97,598150.443
20190704,231,603259.SH,66.6,66.95,65.26,65.9,66.75,-0.85,-1.2734,78629.87,518055.083
20190705,230,603259.SH,66.19,66.3,65.05,65.92,65.9,0.02,0.0303,60713.15,399178.745
20190708,229,603259.SH,65.5,65.96,63.4,64.63,65.92,-1.29,-1.9569,67910.69,438566.794
20190709,228,603259.SH,64.26,65.2,64.0,64.5,64.63,-0.13,-0.2011,55532.34,358963.55
20190710,227,603259.SH,64.76,65.82,64.15,64.38,64.5,-0.12,-0.186,55515.82,360900.486
20190711,226,603259.SH,64.7,64.8,63.2,63.57,64.38,-0.81,-1.2582,49468.82,316444.413
20190712,225,603259.SH,63.7,64.76,63.5,63.5,63.57,-0.07,-0.1101,42128.41,269517.977
20190715,224,603259.SH,63.09,65.1,61.83,64.93,63.5,1.43,2.252,69013.16,442363.289
20190716,223,603259.SH,64.72,65.1,64.33,64.85,64.93,-0.08,-0.1232,54305.28,351777.886
20190717,222,603259.SH,64.86,65.6,64.5,64.98,64.85,0.13,0.2005,49851.67,324109.339
20190718,221,603259.SH,64.75,65.07,63.2,64.28,64.98,-0.7,-1.0773,50927.02,327364.825
20190719,220,603259.SH,64.59,65.07,64.11,64.95,64.28,0.67,1.0423,55977.66,363145.011
20190722,219,603259.SH,64.83,65.2,63.8,64.52,64.95,-0.43,-0.662,57372.6,370911.595
20190723,218,603259.SH,64.8,65.06,64.32,64.93,64.52,0.41,0.6355,44475.88,288243.668
20190724,217,603259.SH,65.1,65.88,64.7,65.66,64.93,0.73,1.1243,80624.28,526506.957
20190725,216,603259.SH,65.63,66.0,64.58,65.58,65.66,-0.08,-0.1218,49586.91,323762.68
20190726,215,603259.SH,65.25,67.39,65.06,67.2,65.58,1.62,2.4703,78848.2,523231.855
20190729,214,603259.SH,67.01,68.1,66.78,66.92,67.2,-0.28,-0.4167,52329.66,352496.839
20190730,213,603259.SH,67.3,67.46,66.38,66.43,66.92,-0.49,-0.7322,42990.69,287162.486
20190731,212,603259.SH,66.4,66.5,64.75,64.99,66.43,-1.44,-2.1677,52709.11,344667.054
20190801,211,603259.SH,65.0,65.47,64.51,64.89,64.99,-0.1,-0.1539,40592.76,263382.761
20190802,210,603259.SH,63.8,64.39,62.93,63.86,64.89,-1.03,-1.5873,58442.16,371482.692
20190805,209,603259.SH,63.3,63.77,62.54,62.8,63.86,-1.06,-1.6599,55319.85,348813.775
20190806,208,603259.SH,61.81,63.02,61.62,62.9,62.8,0.1,0.1592,53205.81,332180.767
20190807,207,603259.SH,63.27,63.73,62.76,62.99,62.9,0.09,0.1431,44608.04,282168.202
20190808,206,603259.SH,63.78,65.55,63.71,65.17,62.99,2.18,3.4609,95002.61,614156.689
20190809,205,603259.SH,65.15,66.1,64.86,65.18,65.17,0.01,0.0153,95861.47,629300.785
20190812,204,603259.SH,65.16,67.68,65.13,67.6,65.18,2.42,3.7128,81366.7,543944.807
20190813,203,603259.SH,67.11,69.69,67.05,68.86,67.6,1.26,1.8639,121094.29,830184.578
20190814,202,603259.SH,67.0,72.58,65.99,70.25,68.86,1.39,2.0186,249378.12,1710353.858
20190815,201,603259.SH,69.0,70.21,68.01,68.36,70.25,-1.89,-2.6904,124236.7,856921.805
20190816,200,603259.SH,68.54,72.75,68.54,71.9,68.36,3.54,5.1785,127506.91,912520.188
20190819,199,603259.SH,72.51,74.97,72.5,74.0,71.9,2.1,2.9207,143798.7,1065842.198
20190820,198,603259.SH,73.1,78.38,73.1,76.51,74.0,2.51,3.3919,174155.4,1330977.785
20190821,197,603259.SH,76.65,77.39,75.4,76.83,76.51,0.32,0.4182,83753.05,640883.06
20190822,196,603259.SH,77.5,79.18,76.7,77.4,76.83,0.57,0.7419,77723.7,603409.206
20190823,195,603259.SH,77.29,82.6,77.1,82.57,77.4,5.17,6.6796,141834.29,1139430.253
20190826,194,603259.SH,81.7,82.55,80.65,82.09,82.57,-0.48,-0.5813,96040.88,783046.032
20190827,193,603259.SH,83.0,86.3,82.54,83.32,82.09,1.23,1.4984,166433.68,1397632.338
20190828,192,603259.SH,83.65,84.22,81.66,83.27,83.32,-0.05,-0.06,84249.24,697554.761
20190829,191,603259.SH,82.7,83.56,81.6,82.75,83.27,-0.52,-0.6245,65922.17,543818.464
20190830,190,603259.SH,83.0,88.1,82.92,86.7,82.75,3.95,4.7734,101335.28,874141.122
20190902,189,603259.SH,86.52,87.68,85.47,87.42,86.7,0.72,0.8304,77146.34,665417.352
20190903,188,603259.SH,87.08,87.38,83.5,83.93,87.42,-3.49,-3.9922,98082.12,829906.869
20190904,187,603259.SH,84.27,84.6,80.0,81.95,83.93,-1.98,-2.3591,155550.84,1274380.561
20190905,186,603259.SH,82.16,82.98,81.3,82.2,81.95,0.25,0.3051,111445.03,913889.994
20190906,185,603259.SH,82.2,82.66,80.63,82.16,82.2,-0.04,-0.0487,85061.2,695652.181
20190909,184,603259.SH,82.51,83.1,81.59,82.11,82.16,-0.05,-0.0609,100918.88,829651.805
20190910,183,603259.SH,82.44,83.5,81.31,82.02,82.11,-0.09,-0.1096,104483.11,860449.472
20190911,182,603259.SH,82.0,82.05,79.3,80.85,82.02,-1.17,-1.4265,96584.85,779126.865
20190912,181,603259.SH,81.05,81.1,79.02,80.64,80.85,-0.21,-0.2597,79725.49,637376.647
20190916,180,603259.SH,80.7,81.9,80.18,80.97,80.64,0.33,0.4092,81418.1,659432.344
20190917,179,603259.SH,80.85,81.8,79.73,80.42,80.97,-0.55,-0.6793,64408.02,520818.543
20190918,178,603259.SH,80.64,83.89,80.64,82.9,80.42,2.48,3.0838,138258.59,1141293.798
20190919,177,603259.SH,83.27,83.88,81.25,82.4,82.9,-0.5,-0.6031,85977.86,705840.508
20190920,176,603259.SH,82.55,85.3,82.51,84.5,82.4,2.1,2.5485,92945.62,784062.852
20190923,175,603259.SH,84.2,84.32,82.12,82.6,84.5,-1.9,-2.2485,61558.32,511319.316
20190924,174,603259.SH,82.79,85.66,82.18,85.0,82.6,2.4,2.9056,99053.39,835579.506
20190925,173,603259.SH,84.63,88.0,84.42,86.39,85.0,1.39,1.6353,127312.32,1105849.349
20190926,172,603259.SH,86.33,87.76,85.0,86.0,86.39,-0.39,-0.4514,80680.56,695893.079
20190927,171,603259.SH,85.99,88.42,83.4,87.04,86.0,1.04,1.2093,88475.08,765749.365
20190930,170,603259.SH,86.92,87.48,85.07,86.7,87.04,-0.34,-0.3906,63743.98,550272.748
20191008,169,603259.SH,85.85,87.87,83.26,83.7,86.7,-3.0,-3.4602,108429.02,923016.585
20191009,168,603259.SH,83.5,83.7,81.29,83.46,83.7,-0.24,-0.2867,88276.74,727821.077
20191010,167,603259.SH,84.15,88.67,84.0,88.23,83.46,4.77,5.7153,149205.57,1293999.441
20191011,166,603259.SH,88.93,90.38,87.48,88.63,88.23,0.4,0.4534,77977.82,692508.642
20191014,165,603259.SH,90.2,90.92,87.0,88.3,88.63,-0.33,-0.3723,71962.43,641838.402
20191015,164,603259.SH,88.3,90.49,87.2,88.0,88.3,-0.3,-0.3398,64478.31,572723.88
20191016,163,603259.SH,87.8,89.71,87.6,88.23,88.0,0.23,0.2614,86413.56,765250.373
20191017,162,603259.SH,88.6,90.21,87.28,89.9,88.23,1.67,1.8928,96129.6,856734.528
20191018,161,603259.SH,89.9,90.25,87.8,88.5,89.9,-1.4,-1.5573,84361.08,751754.868
20191021,160,603259.SH,87.91,89.0,83.8,85.25,88.5,-3.25,-3.6723,91550.49,783994.954
20191022,159,603259.SH,85.4,86.82,84.69,86.05,85.25,0.8,0.9384,59590.25,511645.802
20191023,158,603259.SH,85.6,86.39,84.18,84.39,86.05,-1.66,-1.9291,54362.81,462623.844
20191024,157,603259.SH,84.16,84.68,81.81,82.7,84.39,-1.69,-2.0026,66435.04,549628.976
20191025,156,603259.SH,83.5,84.33,82.82,83.18,82.7,0.48,0.5804,65292.64,543838.616
20191028,155,603259.SH,83.83,86.0,83.65,85.49,83.18,2.31,2.7771,87468.32,743769.981
20191029,154,603259.SH,85.2,86.99,85.2,85.88,85.49,0.39,0.4562,55691.57,480597.713
20191030,153,603259.SH,85.9,86.33,84.3,85.52,85.88,-0.36,-0.4192,57849.36,493409.661
20191031,152,603259.SH,89.3,94.07,89.3,94.07,85.52,8.55,9.9977,241458.11,2247644.907
20191101,151,603259.SH,93.81,94.71,92.42,94.46,94.07,0.39,0.4146,145179.81,1361115.146
20191104,150,603259.SH,95.22,98.5,95.22,97.1,94.46,2.64,2.7948,116751.74,1130072.185
20191105,149,603259.SH,96.79,96.85,94.71,95.47,97.1,-1.63,-1.6787,89096.97,851407.664
20191106,148,603259.SH,95.8,96.76,94.0,94.74,95.47,-0.73,-0.7646,58099.72,552512.167
20191107,147,603259.SH,95.3,96.2,94.22,95.3,94.74,0.56,0.5911,64650.9,615190.798
20191108,146,603259.SH,96.2,96.89,94.35,94.7,95.3,-0.6,-0.6296,88136.97,841468.395
20191111,145,603259.SH,94.44,95.1,91.88,92.69,94.7,-2.01,-2.1225,76769.08,718349.692
20191112,144,603259.SH,93.59,93.59,91.11,92.58,92.69,-0.11,-0.1187,76514.55,706398.565
20191113,143,603259.SH,92.4,98.15,92.4,96.25,92.58,3.67,3.9641,121596.92,1164927.106
20191114,142,603259.SH,96.92,99.32,96.46,98.34,96.25,2.09,2.1714,112765.15,1106723.339
20191115,141,603259.SH,97.93,99.3,96.68,97.13,98.34,-1.21,-1.2304,64928.52,635572.708
20191118,140,603259.SH,97.0,98.4,95.77,97.15,97.13,0.02,0.0206,53098.99,515099.833
20191119,139,603259.SH,97.0,98.8,96.36,98.8,97.15,1.65,1.6984,85871.37,838185.791
20191120,138,603259.SH,98.19,100.47,97.2,98.4,98.8,-0.4,-0.4049,101017.67,1002542.814
20191121,137,603259.SH,99.32,99.32,94.8,95.0,98.4,-3.4,-3.4553,111245.72,1065846.486
20191122,136,603259.SH,95.54,96.0,90.0,91.17,95.0,-3.83,-4.0316,159814.23,1474683.596
20191125,135,603259.SH,91.3,92.0,87.51,89.9,91.17,-1.27,-1.393,157801.33,1408517.322
20191126,134,603259.SH,90.45,90.99,89.5,90.69,89.9,0.79,0.8788,87925.57,794933.974
20191127,133,603259.SH,90.03,90.41,88.61,90.29,90.69,-0.4,-0.4411,61884.59,555683.117
20191128,132,603259.SH,90.28,90.7,89.46,90.65,90.29,0.36,0.3987,64569.44,582279.772
20191129,131,603259.SH,90.0,90.3,86.38,87.99,90.65,-2.66,-2.9344,132033.82,1155628.353
20191202,130,603259.SH,87.55,88.89,86.38,87.88,87.99,-0.11,-0.125,73173.24,641191.709
20191203,129,603259.SH,88.1,89.2,85.8,88.78,87.88,0.9,1.0241,82812.21,725671.085
20191204,128,603259.SH,88.45,90.98,88.0,89.91,88.78,1.13,1.2728,63589.75,572151.224
20191205,127,603259.SH,90.38,91.69,89.92,91.46,89.91,1.55,1.7239,80707.86,734393.939
20191206,126,603259.SH,91.5,93.05,91.05,93.05,91.46,1.59,1.7385,65562.42,605186.037
20191209,125,603259.SH,93.47,93.6,89.68,90.5,93.05,-2.55,-2.7405,111210.54,1007087.165
20191210,124,603259.SH,90.48,91.0,89.7,90.39,90.5,-0.11,-0.1215,57945.58,522944.785
20191211,123,603259.SH,90.5,90.58,89.51,90.05,90.39,-0.34,-0.3761,53194.57,478668.527
20191212,122,603259.SH,90.31,92.39,89.88,91.3,90.05,1.25,1.3881,109508.82,1000758.445
20191213,121,603259.SH,92.0,96.98,91.77,94.58,91.3,3.28,3.5926,213249.92,2026856.806
20191216,120,603259.SH,95.0,97.0,94.02,96.05,94.58,1.47,1.5542,115062.05,1104139.571
20191217,119,603259.SH,96.18,98.26,95.61,97.8,96.05,1.75,1.822,89631.02,873257.936
20191218,118,603259.SH,97.99,98.0,93.87,94.64,97.8,-3.16,-3.2311,111573.07,1061528.992
20191219,117,603259.SH,94.24,95.03,92.9,94.3,94.64,-0.34,-0.3593,70351.55,661677.145
20191220,116,603259.SH,94.18,94.86,92.07,92.5,94.3,-1.8,-1.9088,67473.44,626446.69
20191223,115,603259.SH,92.12,94.14,91.63,92.6,92.5,0.1,0.1081,71694.68,665680.599
20191224,114,603259.SH,92.01,92.95,91.37,92.05,92.6,-0.55,-0.594,51831.37,477134.955
20191225,113,603259.SH,91.9,92.1,90.12,91.15,92.05,-0.9,-0.9777,75373.24,683953.728
20191226,112,603259.SH,90.95,93.95,90.74,93.15,91.15,2.0,2.1942,90884.57,844491.106
20191227,111,603259.SH,92.8,93.49,90.63,91.22,93.15,-1.93,-2.0719,96017.92,881148.712
20191230,110,603259.SH,90.23,91.81,89.87,90.99,91.22,-0.23,-0.2521,77333.12,703169.155
20191231,109,603259.SH,91.09,93.42,90.58,92.12,90.99,1.13,1.2419,74634.3,688594.586
20200102,108,603259.SH,92.49,92.78,90.39,91.62,92.12,-0.5,-0.5428,116129.61,1058576.881
20200103,107,603259.SH,91.65,92.03,88.02,89.26,91.62,-2.36,-2.5759,171520.54,1534585.031
20200106,106,603259.SH,88.06,88.4,85.94,86.6,89.26,-2.66,-2.9801,200543.27,1743784.272
20200107,105,603259.SH,86.95,88.46,86.21,87.91,86.6,1.31,1.5127,125561.87,1101391.823
20200108,104,603259.SH,87.4,88.31,86.36,87.36,87.91,-0.55,-0.6256,85124.49,743711.014
20200109,103,603259.SH,88.99,91.72,88.52,91.3,87.36,3.94,4.5101,179970.92,1632541.706
20200110,102,603259.SH,91.48,92.8,90.82,91.02,91.3,-0.28,-0.3067,107714.72,990871.63
20200113,101,603259.SH,91.96,93.12,90.9,93.0,91.02,1.98,2.1753,126874.3,1171780.654
20200114,100,603259.SH,93.8,93.95,92.47,92.5,93.0,-0.5,-0.5376,80125.79,746379.608
20200115,99,603259.SH,92.28,95.17,92.16,94.0,92.5,1.5,1.6216,97598.89,919191.692
20200116,98,603259.SH,94.8,95.96,93.39,95.49,94.0,1.49,1.5851,109924.04,1046288.919
20200117,97,603259.SH,97.99,98.0,94.45,96.93,95.49,1.44,1.508,124042.47,1200443.564
20200120,96,603259.SH,97.53,99.31,96.36,98.01,96.93,1.08,1.1142,89498.66,875884.166
20200121,95,603259.SH,98.61,99.94,97.35,98.15,98.01,0.14,0.1428,99906.89,986911.884
20200122,94,603259.SH,98.21,99.33,96.21,98.75,98.15,0.6,0.6113,89186.7,875540.799
20200123,93,603259.SH,98.75,99.87,94.6,95.79,98.75,-2.96,-2.9975,103547.42,1002779.999
20200203,92,603259.SH,86.99,94.9,86.99,91.99,95.79,-3.8,-3.967,151000.55,1378598.406
20200204,91,603259.SH,92.04,96.66,90.06,95.5,91.99,3.51,3.8156,146773.91,1377813.46
20200205,90,603259.SH,95.85,99.48,94.51,97.05,95.5,1.55,1.623,178826.23,1732470.816
20200206,89,603259.SH,98.0,106.5,96.6,104.8,97.05,7.75,7.9856,238815.04,2448716.013
20200207,88,603259.SH,104.0,106.36,101.1,102.38,104.8,-2.42,-2.3092,169403.41,1752367.532
20200210,87,603259.SH,101.58,105.45,100.3,105.16,102.38,2.78,2.7154,152261.61,1564516.38
20200211,86,603259.SH,105.7,105.88,103.0,104.06,105.16,-1.1,-1.046,104153.76,1086315.185
20200212,85,603259.SH,105.81,110.2,104.88,107.71,104.06,3.65,3.5076,160735.26,1736271.06
20200213,84,603259.SH,108.46,109.64,106.58,107.8,107.71,0.09,0.0836,95243.83,1030022.329
20200214,83,603259.SH,108.7,111.88,108.31,109.75,107.8,1.95,1.8089,98289.22,1083523.59
20200217,82,603259.SH,109.47,115.28,109.44,114.0,109.75,4.25,3.8724,128882.1,1456609.27
20200218,81,603259.SH,114.84,114.84,111.68,112.89,114.0,-1.11,-0.9737,91743.78,1038394.026
20200219,80,603259.SH,113.11,113.87,110.58,110.9,112.89,-1.99,-1.7628,106589.2,1194628.362
20200220,79,603259.SH,110.48,111.85,109.8,111.0,110.9,0.1,0.0902,94614.14,1048678.223
20200221,78,603259.SH,110.03,113.5,109.58,112.71,111.0,1.71,1.5405,90029.18,1009761.159
20200224,77,603259.SH,112.55,114.5,111.36,113.25,112.71,0.54,0.4791,102999.25,1165046.578
20200225,76,603259.SH,111.23,118.85,111.03,117.38,113.25,4.13,3.6468,120634.96,1396083.548
20200226,75,603259.SH,116.0,116.18,109.0,110.55,117.38,-6.83,-5.8187,149172.3,1675905.744
20200227,74,603259.SH,110.58,112.74,109.04,110.0,110.55,-0.55,-0.4975,97798.74,1081911.48
20200228,73,603259.SH,105.55,108.23,104.48,106.0,110.0,-4.0,-3.6364,123771.15,1320551.527
20200302,72,603259.SH,107.5,111.35,107.11,110.09,106.0,4.09,3.8585,90209.59,986370.203
20200303,71,603259.SH,112.09,117.18,112.02,115.03,110.09,4.94,4.4872,113404.13,1303111.264
20200304,70,603259.SH,114.78,117.85,113.08,116.68,115.03,1.65,1.4344,94325.19,1091408.642
20200305,69,603259.SH,117.99,118.33,114.46,115.72,116.68,-0.96,-0.8228,98720.35,1146149.098
20200306,68,603259.SH,114.92,119.3,114.6,115.75,115.72,0.03,0.0259,86418.16,1010369.009
20200309,67,603259.SH,114.1,115.6,111.88,112.01,115.75,-3.74,-3.2311,110036.48,1246589.855
20200310,66,603259.SH,112.01,113.2,107.91,111.63,112.01,-0.38,-0.3393,114046.31,1265613.5
20200311,65,603259.SH,111.45,113.1,106.97,107.16,111.63,-4.47,-4.0043,135956.11,1480468.866
20200312,64,603259.SH,105.88,106.44,101.31,102.5,107.16,-4.66,-4.3486,160489.39,1660743.443
20200313,63,603259.SH,96.62,101.58,96.0,100.11,102.5,-2.39,-2.3317,180640.44,1783117.852
20200316,62,603259.SH,100.2,100.22,90.9,91.98,100.11,-8.13,-8.1211,229796.37,2193329.02
20200317,61,603259.SH,93.0,94.15,88.0,92.08,91.98,0.1,0.1087,196474.62,1806505.267
20200318,60,603259.SH,93.3,95.99,90.58,90.83,92.08,-1.25,-1.3575,172918.16,1620712.668
20200319,59,603259.SH,90.83,92.3,85.4,88.83,90.83,-2.0,-2.2019,202044.17,1793200.022
20200320,58,603259.SH,90.5,93.15,89.28,92.18,88.83,3.35,3.7712,196729.3,1795357.621
20200323,57,603259.SH,88.5,90.14,85.68,86.6,92.18,-5.58,-6.0534,227784.57,1989264.576
20200324,56,603259.SH,89.6,92.52,88.71,91.85,86.6,5.25,6.0624,215514.96,1948193.157
20200325,55,603259.SH,95.2,97.08,93.96,96.63,91.85,4.78,5.2041,264426.76,2528277.392
20200326,54,603259.SH,96.4,97.8,95.0,97.06,96.63,0.43,0.445,149806.76,1445094.823
20200327,53,603259.SH,98.3,98.69,93.0,93.3,97.06,-3.76,-3.8739,175998.64,1677307.82
20200330,52,603259.SH,89.0,89.4,86.47,87.5,93.3,-5.8,-6.2165,248371.5,2175838.288
20200331,51,603259.SH,88.8,91.39,87.6,90.49,87.5,2.99,3.4171,154477.99,1384983.088
20200401,50,603259.SH,90.47,93.77,89.01,90.5,90.49,0.01,0.0111,116496.07,1063600.886
20200402,49,603259.SH,91.0,94.26,90.23,94.06,90.5,3.56,3.9337,110635.24,1025577.826
20200403,48,603259.SH,93.87,95.55,93.5,93.76,94.06,-0.3,-0.3189,99091.1,936017.484
20200407,47,603259.SH,96.7,97.68,95.53,97.3,93.76,3.54,3.7756,161002.57,1559364.784
20200408,46,603259.SH,97.76,97.76,94.76,96.42,97.3,-0.88,-0.9044,105743.59,1018482.953
20200409,45,603259.SH,96.52,102.76,96.52,102.0,96.42,5.58,5.7872,163321.68,1640174.221
20200410,44,603259.SH,101.86,103.42,99.1,100.15,102.0,-1.85,-1.8137,91540.37,923455.465
20200413,43,603259.SH,99.6,102.13,98.0,101.1,100.15,0.95,0.9486,65986.02,663308.945
20200414,42,603259.SH,101.98,102.56,99.39,101.99,101.1,0.89,0.8803,129385.6,1300723.625
20200415,41,603259.SH,101.2,101.7,98.8,99.25,101.99,-2.74,-2.6865,132649.52,1321603.86
20200416,40,603259.SH,98.7,99.7,97.5,98.07,99.25,-1.18,-1.1889,111439.38,1096388.142
20200417,39,603259.SH,99.55,100.6,98.0,98.79,98.07,0.72,0.7342,140556.99,1402883.754
20200420,38,603259.SH,99.8,105.45,99.11,104.95,98.79,6.16,6.2354,165895.25,1711987.833
20200421,37,603259.SH,104.86,104.86,101.78,103.49,104.95,-1.46,-1.3911,90198.89,932076.009
20200422,36,603259.SH,102.1,105.15,101.53,105.15,103.49,1.66,1.604,100193.98,1040230.886
20200423,35,603259.SH,105.0,105.81,101.81,102.3,105.15,-2.85,-2.7104,102235.51,1055687.196
20200424,34,603259.SH,101.78,101.97,99.0,99.9,102.3,-2.4,-2.346,90984.06,908360.263
20200427,33,603259.SH,100.33,105.0,99.89,103.61,99.9,3.71,3.7137,117866.39,1210510.178
20200428,32,603259.SH,103.65,105.86,101.18,105.18,103.61,1.57,1.5153,119633.79,1243331.121
20200429,31,603259.SH,105.1,105.5,102.01,102.53,105.18,-2.65,-2.5195,68629.22,709939.402
20200430,30,603259.SH,101.5,103.15,100.5,101.77,102.53,-0.76,-0.7412,97959.44,993005.66
20200506,29,603259.SH,100.01,100.99,98.9,100.24,101.77,-1.53,-1.5034,178050.36,1774256.079
20200507,28,603259.SH,100.25,102.16,99.7,101.29,100.24,1.05,1.0475,131756.24,1333617.006
20200508,27,603259.SH,101.68,103.95,101.01,103.6,101.29,2.31,2.2806,137518.73,1410505.77
20200511,26,603259.SH,104.0,104.34,101.71,102.8,103.6,-0.8,-0.7722,143412.3,1470909.698
20200512,25,603259.SH,102.76,106.1,102.02,106.1,102.8,3.3,3.2101,162417.1,1697496.668
20200513,24,603259.SH,106.0,110.56,104.94,110.21,106.1,4.11,3.8737,164400.21,1790263.899
20200514,23,603259.SH,109.04,111.45,108.7,110.22,110.21,0.01,0.0091,89180.24,979913.268
20200515,22,603259.SH,110.96,111.18,108.0,109.33,110.22,-0.89,-0.8075,80337.29,878657.513
20200518,21,603259.SH,109.24,112.3,109.0,110.63,109.33,1.3,1.1891,102737.23,1139510.313
20200519,20,603259.SH,111.5,112.5,108.0,111.22,110.63,0.59,0.5333,98837.4,1090245.793
20200520,19,603259.SH,111.2,111.2,108.89,109.45,111.22,-1.77,-1.5914,76211.82,837966.032
20200521,18,603259.SH,110.48,111.82,109.48,110.0,109.45,0.55,0.5025,90342.37,999077.211
20200522,17,603259.SH,109.6,109.8,105.1,105.65,110.0,-4.35,-3.9545,115158.08,1229275.721
20200525,16,603259.SH,105.64,107.28,104.5,107.0,105.65,1.35,1.2778,66675.07,706988.911
20200526,15,603259.SH,109.89,110.0,107.69,109.5,107.0,2.5,2.3364,77159.59,840895.398
20200527,14,603259.SH,109.97,109.99,104.01,104.43,109.5,-5.07,-4.6301,118610.75,1260065.842
20200528,13,603259.SH,104.4,105.2,101.01,102.68,104.43,-1.75,-1.6758,133029.39,1371137.383
20200529,12,603259.SH,103.02,106.99,103.02,106.5,102.68,3.82,3.7203,106117.23,1124839.001
20200601,11,603259.SH,108.0,110.38,107.3,109.08,106.5,2.58,2.4225,103396.94,1132276.839
20200602,10,603259.SH,109.2,109.66,107.08,109.2,109.08,0.12,0.11,98535.56,1070011.121
20200603,9,603259.SH,109.7,112.68,109.2,112.68,109.2,3.48,3.1868,147576.65,1648465.599
20200604,8,603259.SH,81.05,82.51,81.03,81.4,80.25,1.15,1.433,139823.43,1144645.278
20200605,7,603259.SH,81.0,82.02,80.0,81.77,81.4,0.37,0.4545,122545.52,993140.104
20200608,6,603259.SH,82.2,82.48,78.77,79.5,81.77,-2.27,-2.7761,217382.84,1743143.512
20200609,5,603259.SH,79.5,80.69,79.26,79.9,79.5,0.4,0.5031,123641.12,989969.604
20200610,4,603259.SH,79.8,82.0,79.8,81.31,79.9,1.41,1.7647,139840.47,1135033.294
20200611,3,603259.SH,81.3,83.23,80.58,81.29,81.31,-0.02,-0.0246,142767.28,1168230.913
20200612,2,603259.SH,80.4,83.74,80.2,83.18,81.29,1.89,2.325,179393.77,1479361.989
20200615,1,603259.SH,83.04,84.23,82.5,82.55,83.18,-0.63,-0.7574,142400.29,1184392.544
20200616,0,603259.SH,83.5,84.63,82.6,84.2,82.55,1.65,1.9988,158231.19,1326299.647
